Book ID,Input File Path,Timestamp,Status,Failure Stage,Error Message,Retry Attempts,Total Audio Files,Total Audio Duration (s),Processing Time (ms),Error Details

12,FinalAllSummaries/12.md,2025-07-02T21:10:37.087Z,SUCCESS,,,0,0,0,6,
19,FinalAllSummaries/19.md,2025-07-02T21:10:38.089Z,SUCCESS,,,0,0,0,0,
20,FinalAllSummaries/20.md,2025-07-02T21:10:39.091Z,SUCCESS,,,0,0,0,0,
22,FinalAllSummaries/22.md,2025-07-02T21:10:40.094Z,SUCCESS,,,0,0,0,1,
25,FinalAllSummaries/25.md,2025-07-02T21:10:41.098Z,SUCCESS,,,0,0,0,1,
26,FinalAllSummaries/26.md,2025-07-02T21:10:42.101Z,SUCCESS,,,0,0,0,1,
27,FinalAllSummaries/27.md,2025-07-02T21:10:43.103Z,SUCCESS,,,0,0,0,1,
28,FinalAllSummaries/28.md,2025-07-02T21:10:44.105Z,SUCCESS,,,0,0,0,1,
29,FinalAllSummaries/29.md,2025-07-02T21:10:45.108Z,SUCCESS,,,0,0,0,1,
30,FinalAllSummaries/30.md,2025-07-02T21:10:46.112Z,SUCCESS,,,0,0,0,1,
31,FinalAllSummaries/31.md,2025-07-02T21:10:47.113Z,SUCCESS,,,0,0,0,0,
32,FinalAllSummaries/32.md,2025-07-02T21:10:48.115Z,SUCCESS,,,0,0,0,0,
33,FinalAllSummaries/33.md,2025-07-02T21:10:49.118Z,SUCCESS,,,0,0,0,1,
34,FinalAllSummaries/34.md,2025-07-02T21:10:50.119Z,SUCCESS,,,0,0,0,0,
36,FinalAllSummaries/36.md,2025-07-02T21:10:51.121Z,SUCCESS,,,0,0,0,0,
42,FinalAllSummaries/42.md,2025-07-02T21:10:52.123Z,SUCCESS,,,0,0,0,0,
43,FinalAllSummaries/43.md,2025-07-02T21:10:53.125Z,SUCCESS,,,0,0,0,1,
49,FinalAllSummaries/49.md,2025-07-02T21:10:54.126Z,SUCCESS,,,0,0,0,0,
54,FinalAllSummaries/54.md,2025-07-02T21:10:55.129Z,SUCCESS,,,0,0,0,1,
55,FinalAllSummaries/55.md,2025-07-02T21:10:56.132Z,SUCCESS,,,0,0,0,0,
56,FinalAllSummaries/56.md,2025-07-02T21:10:57.134Z,SUCCESS,,,0,0,0,0,
58,FinalAllSummaries/58.md,2025-07-02T21:10:58.136Z,SUCCESS,,,0,0,0,0,
59,FinalAllSummaries/59.md,2025-07-02T21:10:59.138Z,SUCCESS,,,0,0,0,0,
64,FinalAllSummaries/64.md,2025-07-02T21:11:00.140Z,SUCCESS,,,0,0,0,0,
65,FinalAllSummaries/65.md,2025-07-02T21:11:01.144Z,SUCCESS,,,0,0,0,0,
77,FinalAllSummaries/77.md,2025-07-02T21:11:02.147Z,SUCCESS,,,0,0,0,1,
79,FinalAllSummaries/79.md,2025-07-02T21:11:03.152Z,SUCCESS,,,0,0,0,1,
80,FinalAllSummaries/80.md,2025-07-02T21:11:04.155Z,SUCCESS,,,0,0,0,0,
81,FinalAllSummaries/81.md,2025-07-02T21:11:05.157Z,SUCCESS,,,0,0,0,0,
82,FinalAllSummaries/82.md,2025-07-02T21:11:06.160Z,SUCCESS,,,0,0,0,1,
87,FinalAllSummaries/87.md,2025-07-02T21:11:07.164Z,SUCCESS,,,0,0,0,1,
89,FinalAllSummaries/89.md,2025-07-02T21:11:08.167Z,SUCCESS,,,0,0,0,1,
90,FinalAllSummaries/90.md,2025-07-02T21:11:09.170Z,SUCCESS,,,0,0,0,0,
92,FinalAllSummaries/92.md,2025-07-02T21:11:10.173Z,SUCCESS,,,0,0,0,1,
96,FinalAllSummaries/96.md,2025-07-02T21:11:11.178Z,SUCCESS,,,0,0,0,1,
98,FinalAllSummaries/98.md,2025-07-02T21:11:12.181Z,SUCCESS,,,0,0,0,1,
101,FinalAllSummaries/101.md,2025-07-02T21:17:25.882Z,SUCCESS,,,0,12,1682.118833,372699,
102,FinalAllSummaries/102.md,2025-07-02T21:22:33.958Z,SUCCESS,,,0,10,1948.436332,307074,
103,FinalAllSummaries/103.md,2025-07-02T21:30:37.194Z,SUCCESS,,,0,12,2156.950126,482233,
104,FinalAllSummaries/104.md,2025-07-02T21:36:03.828Z,SUCCESS,,,0,12,2155.0815430000007,325632,
105,FinalAllSummaries/105.md,2025-07-02T21:42:25.779Z,SUCCESS,,,0,14,2315.7632910000007,380945,
12,FinalAllSummaries/12.md,2025-07-02T21:46:39.801Z,SUCCESS,,,0,0,0,0,
19,FinalAllSummaries/19.md,2025-07-02T21:46:40.804Z,SUCCESS,,,0,0,0,0,
20,FinalAllSummaries/20.md,2025-07-02T21:46:41.805Z,SUCCESS,,,0,0,0,0,
22,FinalAllSummaries/22.md,2025-07-02T21:46:42.809Z,SUCCESS,,,0,0,0,1,
25,FinalAllSummaries/25.md,2025-07-02T21:46:43.813Z,SUCCESS,,,0,0,0,0,
26,FinalAllSummaries/26.md,2025-07-02T21:46:44.817Z,SUCCESS,,,0,0,0,0,
27,FinalAllSummaries/27.md,2025-07-02T21:46:45.818Z,SUCCESS,,,0,0,0,0,
28,FinalAllSummaries/28.md,2025-07-02T21:46:46.822Z,SUCCESS,,,0,0,0,1,
29,FinalAllSummaries/29.md,2025-07-02T21:46:47.826Z,SUCCESS,,,0,0,0,0,
30,FinalAllSummaries/30.md,2025-07-02T21:46:48.828Z,SUCCESS,,,0,0,0,0,
31,FinalAllSummaries/31.md,2025-07-02T21:46:49.830Z,SUCCESS,,,0,0,0,1,
32,FinalAllSummaries/32.md,2025-07-02T21:46:50.833Z,SUCCESS,,,0,0,0,0,
33,FinalAllSummaries/33.md,2025-07-02T21:46:51.836Z,SUCCESS,,,0,0,0,0,
34,FinalAllSummaries/34.md,2025-07-02T21:46:52.838Z,SUCCESS,,,0,0,0,0,
36,FinalAllSummaries/36.md,2025-07-02T21:46:53.842Z,SUCCESS,,,0,0,0,0,
42,FinalAllSummaries/42.md,2025-07-02T21:46:54.847Z,SUCCESS,,,0,0,0,1,
43,FinalAllSummaries/43.md,2025-07-02T21:46:55.851Z,SUCCESS,,,0,0,0,1,
49,FinalAllSummaries/49.md,2025-07-02T21:46:56.853Z,SUCCESS,,,0,0,0,0,
54,FinalAllSummaries/54.md,2025-07-02T21:46:57.855Z,SUCCESS,,,0,0,0,0,
55,FinalAllSummaries/55.md,2025-07-02T21:46:58.857Z,SUCCESS,,,0,0,0,0,
56,FinalAllSummaries/56.md,2025-07-02T21:46:59.860Z,SUCCESS,,,0,0,0,1,
58,FinalAllSummaries/58.md,2025-07-02T21:47:00.864Z,SUCCESS,,,0,0,0,1,
59,FinalAllSummaries/59.md,2025-07-02T21:47:01.867Z,SUCCESS,,,0,0,0,0,
64,FinalAllSummaries/64.md,2025-07-02T21:47:02.869Z,SUCCESS,,,0,0,0,0,
65,FinalAllSummaries/65.md,2025-07-02T21:47:03.871Z,SUCCESS,,,0,0,0,0,
77,FinalAllSummaries/77.md,2025-07-02T21:47:04.873Z,SUCCESS,,,0,0,0,1,
79,FinalAllSummaries/79.md,2025-07-02T21:47:05.874Z,SUCCESS,,,0,0,0,0,
80,FinalAllSummaries/80.md,2025-07-02T21:47:06.877Z,SUCCESS,,,0,0,0,1,
81,FinalAllSummaries/81.md,2025-07-02T21:47:07.879Z,SUCCESS,,,0,0,0,0,
82,FinalAllSummaries/82.md,2025-07-02T21:47:08.881Z,SUCCESS,,,0,0,0,0,
87,FinalAllSummaries/87.md,2025-07-02T21:47:09.883Z,SUCCESS,,,0,0,0,0,
89,FinalAllSummaries/89.md,2025-07-02T21:47:10.885Z,SUCCESS,,,0,0,0,1,
90,FinalAllSummaries/90.md,2025-07-02T21:47:11.887Z,SUCCESS,,,0,0,0,0,
92,FinalAllSummaries/92.md,2025-07-02T21:47:12.889Z,SUCCESS,,,0,0,0,0,
96,FinalAllSummaries/96.md,2025-07-02T21:47:13.891Z,SUCCESS,,,0,0,0,0,
98,FinalAllSummaries/98.md,2025-07-02T21:47:14.894Z,SUCCESS,,,0,0,0,1,
101,FinalAllSummaries/101.md,2025-07-02T21:47:15.896Z,SUCCESS,,,0,0,0,0,
102,FinalAllSummaries/102.md,2025-07-02T21:47:16.898Z,SUCCESS,,,0,0,0,0,
103,FinalAllSummaries/103.md,2025-07-02T21:47:17.902Z,SUCCESS,,,0,0,0,1,
104,FinalAllSummaries/104.md,2025-07-02T21:47:18.904Z,SUCCESS,,,0,0,0,0,
105,FinalAllSummaries/105.md,2025-07-02T21:47:19.907Z,SUCCESS,,,0,0,0,1,
108,FinalAllSummaries/108.md,2025-07-02T21:47:20.910Z,SUCCESS,,,0,0,0,1,
12,FinalAllSummaries/12.md,2025-07-02T21:51:36.063Z,SUCCESS,,,0,0,0,1,
19,FinalAllSummaries/19.md,2025-07-02T21:51:37.066Z,SUCCESS,,,0,0,0,1,
20,FinalAllSummaries/20.md,2025-07-02T21:51:38.069Z,SUCCESS,,,0,0,0,1,
22,FinalAllSummaries/22.md,2025-07-02T21:51:39.072Z,SUCCESS,,,0,0,0,1,
25,FinalAllSummaries/25.md,2025-07-02T21:51:40.076Z,SUCCESS,,,0,0,0,0,
26,FinalAllSummaries/26.md,2025-07-02T21:51:41.079Z,SUCCESS,,,0,0,0,0,
27,FinalAllSummaries/27.md,2025-07-02T21:51:42.083Z,SUCCESS,,,0,0,0,1,
28,FinalAllSummaries/28.md,2025-07-02T21:51:43.087Z,SUCCESS,,,0,0,0,0,
29,FinalAllSummaries/29.md,2025-07-02T21:51:44.092Z,SUCCESS,,,0,0,0,2,
30,FinalAllSummaries/30.md,2025-07-02T21:51:45.096Z,SUCCESS,,,0,0,0,1,
31,FinalAllSummaries/31.md,2025-07-02T21:51:46.101Z,SUCCESS,,,0,0,0,0,
32,FinalAllSummaries/32.md,2025-07-02T21:51:47.105Z,SUCCESS,,,0,0,0,1,
33,FinalAllSummaries/33.md,2025-07-02T21:51:48.109Z,SUCCESS,,,0,0,0,2,
34,FinalAllSummaries/34.md,2025-07-02T21:51:49.113Z,SUCCESS,,,0,0,0,1,
36,FinalAllSummaries/36.md,2025-07-02T21:51:50.115Z,SUCCESS,,,0,0,0,0,
42,FinalAllSummaries/42.md,2025-07-02T21:51:51.117Z,SUCCESS,,,0,0,0,1,
43,FinalAllSummaries/43.md,2025-07-02T21:51:52.122Z,SUCCESS,,,0,0,0,1,
49,FinalAllSummaries/49.md,2025-07-02T21:51:53.125Z,SUCCESS,,,0,0,0,1,
54,FinalAllSummaries/54.md,2025-07-02T21:51:54.130Z,SUCCESS,,,0,0,0,1,
55,FinalAllSummaries/55.md,2025-07-02T21:51:55.135Z,SUCCESS,,,0,0,0,1,
56,FinalAllSummaries/56.md,2025-07-02T21:51:56.139Z,SUCCESS,,,0,0,0,1,
58,FinalAllSummaries/58.md,2025-07-02T21:51:57.143Z,SUCCESS,,,0,0,0,0,
59,FinalAllSummaries/59.md,2025-07-02T21:51:58.148Z,SUCCESS,,,0,0,0,1,
64,FinalAllSummaries/64.md,2025-07-02T21:51:59.152Z,SUCCESS,,,0,0,0,1,
65,FinalAllSummaries/65.md,2025-07-02T21:52:00.156Z,SUCCESS,,,0,0,0,1,
77,FinalAllSummaries/77.md,2025-07-02T21:52:01.162Z,SUCCESS,,,0,0,0,2,
79,FinalAllSummaries/79.md,2025-07-02T21:52:02.166Z,SUCCESS,,,0,0,0,1,
80,FinalAllSummaries/80.md,2025-07-02T21:52:03.171Z,SUCCESS,,,0,0,0,1,
81,FinalAllSummaries/81.md,2025-07-02T21:52:04.175Z,SUCCESS,,,0,0,0,0,
82,FinalAllSummaries/82.md,2025-07-02T21:52:05.178Z,SUCCESS,,,0,0,0,1,
87,FinalAllSummaries/87.md,2025-07-02T21:52:06.182Z,SUCCESS,,,0,0,0,1,
89,FinalAllSummaries/89.md,2025-07-02T21:52:07.186Z,SUCCESS,,,0,0,0,1,
90,FinalAllSummaries/90.md,2025-07-02T21:52:08.189Z,SUCCESS,,,0,0,0,1,
92,FinalAllSummaries/92.md,2025-07-02T21:52:09.194Z,SUCCESS,,,0,0,0,1,
96,FinalAllSummaries/96.md,2025-07-02T21:52:10.197Z,SUCCESS,,,0,0,0,1,
98,FinalAllSummaries/98.md,2025-07-02T21:52:11.202Z,SUCCESS,,,0,0,0,1,
101,FinalAllSummaries/101.md,2025-07-02T21:52:12.206Z,SUCCESS,,,0,0,0,1,
102,FinalAllSummaries/102.md,2025-07-02T21:52:13.209Z,SUCCESS,,,0,0,0,0,
103,FinalAllSummaries/103.md,2025-07-02T21:52:14.213Z,SUCCESS,,,0,0,0,0,
104,FinalAllSummaries/104.md,2025-07-02T21:52:15.216Z,SUCCESS,,,0,0,0,1,
105,FinalAllSummaries/105.md,2025-07-02T21:52:16.221Z,SUCCESS,,,0,0,0,1,
108,FinalAllSummaries/108.md,2025-07-02T21:57:03.427Z,SUCCESS,,,0,12,1635.9437920000003,286202,
12,FinalAllSummaries/12.md,2025-07-02T21:59:39.350Z,SUCCESS,,,0,0,0,0,
19,FinalAllSummaries/19.md,2025-07-02T21:59:40.356Z,SUCCESS,,,0,0,0,0,
20,FinalAllSummaries/20.md,2025-07-02T21:59:41.358Z,SUCCESS,,,0,0,0,0,
22,FinalAllSummaries/22.md,2025-07-02T21:59:42.359Z,SUCCESS,,,0,0,0,0,
25,FinalAllSummaries/25.md,2025-07-02T21:59:43.362Z,SUCCESS,,,0,0,0,0,
26,FinalAllSummaries/26.md,2025-07-02T21:59:44.365Z,SUCCESS,,,0,0,0,0,
27,FinalAllSummaries/27.md,2025-07-02T21:59:45.368Z,SUCCESS,,,0,0,0,1,
28,FinalAllSummaries/28.md,2025-07-02T21:59:46.371Z,SUCCESS,,,0,0,0,0,
29,FinalAllSummaries/29.md,2025-07-02T21:59:47.375Z,SUCCESS,,,0,0,0,0,
30,FinalAllSummaries/30.md,2025-07-02T21:59:48.379Z,SUCCESS,,,0,0,0,1,
31,FinalAllSummaries/31.md,2025-07-02T21:59:49.380Z,SUCCESS,,,0,0,0,0,
32,FinalAllSummaries/32.md,2025-07-02T21:59:50.384Z,SUCCESS,,,0,0,0,1,
33,FinalAllSummaries/33.md,2025-07-02T21:59:51.387Z,SUCCESS,,,0,0,0,1,
34,FinalAllSummaries/34.md,2025-07-02T21:59:52.390Z,SUCCESS,,,0,0,0,1,
36,FinalAllSummaries/36.md,2025-07-02T21:59:53.392Z,SUCCESS,,,0,0,0,0,
42,FinalAllSummaries/42.md,2025-07-02T21:59:54.394Z,SUCCESS,,,0,0,0,0,
43,FinalAllSummaries/43.md,2025-07-02T21:59:55.396Z,SUCCESS,,,0,0,0,0,
49,FinalAllSummaries/49.md,2025-07-02T21:59:56.398Z,SUCCESS,,,0,0,0,0,
54,FinalAllSummaries/54.md,2025-07-02T21:59:57.400Z,SUCCESS,,,0,0,0,0,
55,FinalAllSummaries/55.md,2025-07-02T21:59:58.401Z,SUCCESS,,,0,0,0,0,
56,FinalAllSummaries/56.md,2025-07-02T21:59:59.403Z,SUCCESS,,,0,0,0,0,
58,FinalAllSummaries/58.md,2025-07-02T22:00:00.405Z,SUCCESS,,,0,0,0,0,
59,FinalAllSummaries/59.md,2025-07-02T22:00:01.407Z,SUCCESS,,,0,0,0,0,
64,FinalAllSummaries/64.md,2025-07-02T22:00:02.410Z,SUCCESS,,,0,0,0,1,
65,FinalAllSummaries/65.md,2025-07-02T22:00:03.414Z,SUCCESS,,,0,0,0,0,
77,FinalAllSummaries/77.md,2025-07-02T22:00:04.417Z,SUCCESS,,,0,0,0,1,
79,FinalAllSummaries/79.md,2025-07-02T22:00:05.419Z,SUCCESS,,,0,0,0,0,
80,FinalAllSummaries/80.md,2025-07-02T22:00:06.422Z,SUCCESS,,,0,0,0,1,
81,FinalAllSummaries/81.md,2025-07-02T22:00:07.425Z,SUCCESS,,,0,0,0,0,
82,FinalAllSummaries/82.md,2025-07-02T22:00:08.427Z,SUCCESS,,,0,0,0,0,
87,FinalAllSummaries/87.md,2025-07-02T22:00:09.429Z,SUCCESS,,,0,0,0,0,
89,FinalAllSummaries/89.md,2025-07-02T22:00:10.430Z,SUCCESS,,,0,0,0,0,
90,FinalAllSummaries/90.md,2025-07-02T22:00:11.433Z,SUCCESS,,,0,0,0,1,
92,FinalAllSummaries/92.md,2025-07-02T22:00:12.435Z,SUCCESS,,,0,0,0,1,
96,FinalAllSummaries/96.md,2025-07-02T22:00:13.436Z,SUCCESS,,,0,0,0,0,
98,FinalAllSummaries/98.md,2025-07-02T22:00:14.438Z,SUCCESS,,,0,0,0,1,
101,FinalAllSummaries/101.md,2025-07-02T22:00:15.441Z,SUCCESS,,,0,0,0,0,
102,FinalAllSummaries/102.md,2025-07-02T22:00:16.444Z,SUCCESS,,,0,0,0,1,
103,FinalAllSummaries/103.md,2025-07-02T22:00:17.448Z,SUCCESS,,,0,0,0,1,
104,FinalAllSummaries/104.md,2025-07-02T22:00:18.452Z,SUCCESS,,,0,0,0,0,
105,FinalAllSummaries/105.md,2025-07-02T22:00:19.457Z,SUCCESS,,,0,0,0,1,
108,FinalAllSummaries/108.md,2025-07-02T22:00:20.460Z,SUCCESS,,,0,0,0,1,
111,FinalAllSummaries/111.md,2025-07-02T22:05:59.938Z,SUCCESS,,,0,12,2388.796541,338476,
112,FinalAllSummaries/112.md,2025-07-02T22:12:20.126Z,SUCCESS,,,0,12,2267.514167,379186,
113,FinalAllSummaries/113.md,2025-07-02T22:17:14.678Z,SUCCESS,,,0,12,2053.390543,293549,
115,FinalAllSummaries/115.md,2025-07-02T22:22:10.287Z,SUCCESS,,,0,12,1929.382666,294606,
116,FinalAllSummaries/116.md,2025-07-02T22:27:23.456Z,SUCCESS,,,0,12,2224.0170820000003,312165,
119,FinalAllSummaries/119.md,2025-07-02T22:31:43.666Z,SUCCESS,,,0,12,1945.178959,259206,
120,FinalAllSummaries/120.md,2025-07-02T22:38:58.383Z,SUCCESS,,,0,15,2469.0474169999998,433714,
121,FinalAllSummaries/121.md,2025-07-02T22:44:45.649Z,SUCCESS,,,0,12,1846.7155830000002,346262,
122,FinalAllSummaries/122.md,2025-07-02T22:49:09.007Z,SUCCESS,,,0,12,1935.0662510000002,262354,
125,FinalAllSummaries/125.md,2025-07-02T22:53:59.058Z,SUCCESS,,,0,12,1788.559459,289048,
126,FinalAllSummaries/126.md,2025-07-02T22:59:34.276Z,SUCCESS,,,0,12,2240.2557500000003,334215,
127,FinalAllSummaries/127.md,2025-07-02T23:08:06.766Z,SUCCESS,,,0,14,2583.2660410000003,511486,
131,FinalAllSummaries/131.md,2025-07-02T23:13:53.684Z,SUCCESS,,,0,13,2202.8236660000002,345913,
132,FinalAllSummaries/132.md,2025-07-02T23:20:52.950Z,SUCCESS,,,0,13,2213.146209,418263,
133,FinalAllSummaries/133.md,2025-07-02T23:27:16.467Z,SUCCESS,,,0,12,1819.4534590000003,382514,
136,FinalAllSummaries/136.md,2025-07-02T23:31:42.185Z,SUCCESS,,,0,12,1974.9491240000002,264714,
138,FinalAllSummaries/138.md,2025-07-02T23:36:45.652Z,SUCCESS,,,0,12,2029.1293340000002,302462,
141,FinalAllSummaries/141.md,2025-07-02T23:41:49.935Z,SUCCESS,,,0,12,2163.879167,303280,
142,FinalAllSummaries/142.md,2025-07-02T23:49:20.301Z,SUCCESS,,,0,12,2183.110666,449361,
146,FinalAllSummaries/146.md,2025-07-02T23:56:10.432Z,SUCCESS,,,0,12,2185.5581679999996,409127,
147,FinalAllSummaries/147.md,2025-07-03T00:01:19.735Z,SUCCESS,,,0,12,2101.101875,308297,
150,FinalAllSummaries/150.md,2025-07-03T00:07:33.306Z,SUCCESS,,,0,12,1978.4645819999998,372567,
151,FinalAllSummaries/151.md,2025-07-03T00:12:44.611Z,SUCCESS,,,0,12,1984.8760819999998,310302,
154,FinalAllSummaries/154.md,2025-07-03T00:20:00.750Z,SUCCESS,,,0,12,2072.6857099999997,435136,
155,FinalAllSummaries/155.md,2025-07-03T00:26:09.697Z,SUCCESS,,,0,12,1827.7495020000001,367944,
158,FinalAllSummaries/158.md,2025-07-03T00:30:58.460Z,SUCCESS,,,0,12,1740.09625,287760,
160,FinalAllSummaries/160.md,2025-07-03T00:37:35.841Z,SUCCESS,,,0,12,2246.586539,396378,
161,FinalAllSummaries/161.md,2025-07-03T00:46:17.449Z,SUCCESS,,,0,17,2480.018876,520603,
163,FinalAllSummaries/163.md,2025-07-03T00:50:36.189Z,SUCCESS,,,0,12,1888.349458,257735,
164,FinalAllSummaries/164.md,2025-07-03T00:56:06.780Z,SUCCESS,,,0,12,2264.189831,329587,
165,FinalAllSummaries/165.md,2025-07-03T01:01:20.466Z,SUCCESS,,,0,12,2276.079167,312683,
167,FinalAllSummaries/167.md,2025-07-03T01:07:28.058Z,SUCCESS,,,0,12,1683.3847500000002,366589,
168,FinalAllSummaries/168.md,2025-07-03T01:12:11.276Z,SUCCESS,,,0,12,1973.6844149999997,282214,
169,FinalAllSummaries/169.md,2025-07-03T01:17:12.166Z,SUCCESS,,,0,12,1253.657833,299886,
170,FinalAllSummaries/170.md,2025-07-03T01:21:59.059Z,SUCCESS,,,0,12,1975.8856250000003,285891,
172,FinalAllSummaries/172.md,2025-07-03T01:28:39.841Z,SUCCESS,,,0,12,2164.3224569999998,399778,
173,FinalAllSummaries/173.md,2025-07-03T01:35:17.460Z,SUCCESS,,,0,12,2201.394666,396616,
177,FinalAllSummaries/177.md,2025-07-03T01:41:16.996Z,SUCCESS,,,0,12,2214.800874,358533,
179,FinalAllSummaries/179.md,2025-07-03T01:47:27.931Z,SUCCESS,,,0,12,2410.3957060000002,369931,
180,FinalAllSummaries/180.md,2025-07-03T01:54:13.924Z,SUCCESS,,,0,12,2425.6231249999996,404990,
182,FinalAllSummaries/182.md,2025-07-03T01:59:34.660Z,SUCCESS,,,0,12,1945.2545429999998,319733,
183,FinalAllSummaries/183.md,2025-07-03T02:04:40.617Z,SUCCESS,,,0,10,1828.1833330000002,304954,
184,FinalAllSummaries/184.md,2025-07-03T02:09:24.324Z,SUCCESS,,,0,12,2032.6497080000001,282704,
185,FinalAllSummaries/185.md,2025-07-03T02:11:20.376Z,SUCCESS,,,0,8,736.5557089999999,115049,
186,FinalAllSummaries/186.md,2025-07-03T02:16:28.280Z,SUCCESS,,,0,12,1892.2077480000003,306901,
187,FinalAllSummaries/187.md,2025-07-03T02:24:11.775Z,SUCCESS,,,0,14,2535.176417,462492,
192,FinalAllSummaries/192.md,2025-07-03T02:30:57.206Z,SUCCESS,,,0,12,2006.29475,404427,
197,FinalAllSummaries/197.md,2025-07-03T02:37:21.110Z,SUCCESS,,,0,12,1905.361584,382901,
198,FinalAllSummaries/198.md,2025-07-03T02:42:06.892Z,SUCCESS,,,0,11,1883.669835,284779,
201,FinalAllSummaries/201.md,2025-07-03T02:50:03.098Z,SUCCESS,,,0,12,2232.773793,475203,
202,FinalAllSummaries/202.md,2025-07-03T02:57:11.108Z,SUCCESS,,,0,12,2104.689917,427007,
203,FinalAllSummaries/203.md,2025-07-03T03:02:04.237Z,SUCCESS,,,0,12,1417.539834,292126,
204,FinalAllSummaries/204.md,2025-07-03T03:07:38.151Z,SUCCESS,,,0,12,2228.599959,332911,
205,FinalAllSummaries/205.md,2025-07-03T03:14:35.333Z,SUCCESS,,,0,16,2400.650503,416180,
207,FinalAllSummaries/207.md,2025-07-03T03:19:13.914Z,SUCCESS,,,0,12,1575.5156250000002,277577,
208,FinalAllSummaries/208.md,2025-07-03T03:25:35.719Z,SUCCESS,,,0,12,1949.035708,380803,
209,FinalAllSummaries/209.md,2025-07-03T03:30:47.739Z,SUCCESS,,,0,12,2083.587959,311017,
210,FinalAllSummaries/210.md,2025-07-03T03:38:45.115Z,SUCCESS,,,0,17,2626.4340399999996,476373,
211,FinalAllSummaries/211.md,2025-07-03T03:43:50.679Z,SUCCESS,,,0,12,2080.6167100000002,304561,
213,FinalAllSummaries/213.md,2025-07-03T03:49:14.979Z,SUCCESS,,,0,12,2319.4180830000005,323297,
216,FinalAllSummaries/216.md,2025-07-03T03:55:29.416Z,SUCCESS,,,0,12,1812.4055010000002,373434,
220,FinalAllSummaries/220.md,2025-07-03T04:01:34.868Z,SUCCESS,,,0,12,2038.6200840000004,364450,
222,FinalAllSummaries/222.md,2025-07-03T04:06:24.308Z,SUCCESS,,,0,7,1367.0547499999998,288437,
227,FinalAllSummaries/227.md,2025-07-03T04:13:31.962Z,SUCCESS,,,0,12,2092.3786649999997,426651,
228,FinalAllSummaries/228.md,2025-07-03T04:20:02.225Z,SUCCESS,,,0,12,1875.5236670000002,389260,
230,FinalAllSummaries/230.md,2025-07-03T04:28:48.201Z,SUCCESS,,,0,14,2835.7036249999996,524973,
231,FinalAllSummaries/231.md,2025-07-03T04:36:49.931Z,SUCCESS,,,0,12,2411.1160010000003,480727,
232,FinalAllSummaries/232.md,2025-07-03T04:43:50.998Z,SUCCESS,,,0,14,2801.4300399999997,420064,
233,FinalAllSummaries/233.md,2025-07-03T04:47:44.258Z,SUCCESS,,,0,12,1642.6970019999997,232256,
234,FinalAllSummaries/234.md,2025-07-03T04:52:20.787Z,SUCCESS,,,0,12,1890.681791,275527,
235,FinalAllSummaries/235.md,2025-07-03T04:56:30.481Z,SUCCESS,,,0,12,2172.937128,248692,
236,FinalAllSummaries/236.md,2025-07-03T05:01:39.434Z,SUCCESS,,,0,14,2383.133207,307951,
238,FinalAllSummaries/238.md,2025-07-03T05:07:09.495Z,SUCCESS,,,0,12,2039.374626,329058,
243,FinalAllSummaries/243.md,2025-07-03T05:13:12.872Z,SUCCESS,,,0,12,2425.2287509999996,362374,
246,FinalAllSummaries/246.md,2025-07-03T05:19:05.890Z,SUCCESS,,,0,12,2066.554916,352014,
247,FinalAllSummaries/247.md,2025-07-03T05:25:08.886Z,SUCCESS,,,0,12,2478.677082,361992,
248,FinalAllSummaries/248.md,2025-07-03T05:30:25.238Z,SUCCESS,,,0,12,1906.0631230000001,315349,
252,FinalAllSummaries/252.md,2025-07-03T05:35:14.438Z,SUCCESS,,,0,12,2067.1445000000003,288197,
253,FinalAllSummaries/253.md,2025-07-03T05:39:51.144Z,SUCCESS,,,0,12,1929.4530429999998,275703,
254,FinalAllSummaries/254.md,2025-07-03T05:43:45.178Z,SUCCESS,,,0,12,1908.1866679999996,233030,
255,FinalAllSummaries/255.md,2025-07-03T05:48:21.041Z,SUCCESS,,,0,12,2055.013208,274861,
256,FinalAllSummaries/256.md,2025-07-03T05:53:10.055Z,SUCCESS,,,0,12,1679.30475,288011,
257,FinalAllSummaries/257.md,2025-07-03T05:58:35.051Z,SUCCESS,,,0,12,2416.402376,323993,
258,FinalAllSummaries/258.md,2025-07-03T06:03:50.630Z,SUCCESS,,,0,12,2163.2855849999996,314576,
259,FinalAllSummaries/259.md,2025-07-03T06:08:34.329Z,SUCCESS,,,0,12,2090.892085,282695,
260,FinalAllSummaries/260.md,2025-07-03T06:12:42.875Z,SUCCESS,,,0,12,2270.8484169999997,247543,
262,FinalAllSummaries/262.md,2025-07-03T06:18:56.472Z,SUCCESS,,,0,13,2430.6755409999996,372595,
264,FinalAllSummaries/264.md,2025-07-03T06:25:11.658Z,SUCCESS,,,0,12,1976.704584,374182,
265,FinalAllSummaries/265.md,2025-07-03T06:32:08.670Z,SUCCESS,,,0,12,2376.375502,416009,
12,FinalAllSummaries/12.md,2025-07-03T07:14:10.619Z,SUCCESS,,,0,0,0,0,
19,FinalAllSummaries/19.md,2025-07-03T07:14:11.623Z,SUCCESS,,,0,0,0,1,
20,FinalAllSummaries/20.md,2025-07-03T07:14:12.626Z,SUCCESS,,,0,0,0,1,
22,FinalAllSummaries/22.md,2025-07-03T07:14:13.631Z,SUCCESS,,,0,0,0,1,
25,FinalAllSummaries/25.md,2025-07-03T07:14:14.637Z,SUCCESS,,,0,0,0,1,
26,FinalAllSummaries/26.md,2025-07-03T07:14:15.642Z,SUCCESS,,,0,0,0,1,
27,FinalAllSummaries/27.md,2025-07-03T07:14:16.647Z,SUCCESS,,,0,0,0,1,
28,FinalAllSummaries/28.md,2025-07-03T07:14:17.651Z,SUCCESS,,,0,0,0,1,
29,FinalAllSummaries/29.md,2025-07-03T07:14:18.656Z,SUCCESS,,,0,0,0,1,
30,FinalAllSummaries/30.md,2025-07-03T07:14:19.662Z,SUCCESS,,,0,0,0,1,
31,FinalAllSummaries/31.md,2025-07-03T07:14:20.666Z,SUCCESS,,,0,0,0,0,
32,FinalAllSummaries/32.md,2025-07-03T07:14:21.670Z,SUCCESS,,,0,0,0,1,
33,FinalAllSummaries/33.md,2025-07-03T07:14:22.674Z,SUCCESS,,,0,0,0,1,
34,FinalAllSummaries/34.md,2025-07-03T07:14:23.677Z,SUCCESS,,,0,0,0,1,
36,FinalAllSummaries/36.md,2025-07-03T07:14:24.681Z,SUCCESS,,,0,0,0,1,
42,FinalAllSummaries/42.md,2025-07-03T07:14:25.685Z,SUCCESS,,,0,0,0,0,
43,FinalAllSummaries/43.md,2025-07-03T07:14:26.689Z,SUCCESS,,,0,0,0,0,
49,FinalAllSummaries/49.md,2025-07-03T07:14:27.693Z,SUCCESS,,,0,0,0,0,
54,FinalAllSummaries/54.md,2025-07-03T07:14:28.698Z,SUCCESS,,,0,0,0,1,
55,FinalAllSummaries/55.md,2025-07-03T07:14:29.702Z,SUCCESS,,,0,0,0,1,
56,FinalAllSummaries/56.md,2025-07-03T07:14:30.706Z,SUCCESS,,,0,0,0,1,
58,FinalAllSummaries/58.md,2025-07-03T07:14:31.710Z,SUCCESS,,,0,0,0,1,
59,FinalAllSummaries/59.md,2025-07-03T07:14:32.715Z,SUCCESS,,,0,0,0,1,
64,FinalAllSummaries/64.md,2025-07-03T07:14:33.718Z,SUCCESS,,,0,0,0,1,
65,FinalAllSummaries/65.md,2025-07-03T07:14:34.722Z,SUCCESS,,,0,0,0,1,
77,FinalAllSummaries/77.md,2025-07-03T07:14:35.726Z,SUCCESS,,,0,0,0,1,
79,FinalAllSummaries/79.md,2025-07-03T07:14:36.730Z,SUCCESS,,,0,0,0,1,
80,FinalAllSummaries/80.md,2025-07-03T07:14:37.733Z,SUCCESS,,,0,0,0,1,
81,FinalAllSummaries/81.md,2025-07-03T07:14:38.736Z,SUCCESS,,,0,0,0,1,
82,FinalAllSummaries/82.md,2025-07-03T07:14:39.739Z,SUCCESS,,,0,0,0,0,
87,FinalAllSummaries/87.md,2025-07-03T07:14:40.742Z,SUCCESS,,,0,0,0,1,
89,FinalAllSummaries/89.md,2025-07-03T07:14:41.744Z,SUCCESS,,,0,0,0,0,
90,FinalAllSummaries/90.md,2025-07-03T07:14:42.748Z,SUCCESS,,,0,0,0,1,
92,FinalAllSummaries/92.md,2025-07-03T07:14:43.751Z,SUCCESS,,,0,0,0,0,
96,FinalAllSummaries/96.md,2025-07-03T07:14:44.755Z,SUCCESS,,,0,0,0,1,
98,FinalAllSummaries/98.md,2025-07-03T07:14:45.759Z,SUCCESS,,,0,0,0,0,
101,FinalAllSummaries/101.md,2025-07-03T07:14:46.762Z,SUCCESS,,,0,0,0,0,
102,FinalAllSummaries/102.md,2025-07-03T07:14:47.766Z,SUCCESS,,,0,0,0,1,
103,FinalAllSummaries/103.md,2025-07-03T07:14:48.770Z,SUCCESS,,,0,0,0,0,
104,FinalAllSummaries/104.md,2025-07-03T07:14:49.774Z,SUCCESS,,,0,0,0,0,
105,FinalAllSummaries/105.md,2025-07-03T07:14:50.777Z,SUCCESS,,,0,0,0,0,
108,FinalAllSummaries/108.md,2025-07-03T07:14:51.780Z,SUCCESS,,,0,0,0,1,
111,FinalAllSummaries/111.md,2025-07-03T07:14:52.784Z,SUCCESS,,,0,0,0,1,
112,FinalAllSummaries/112.md,2025-07-03T07:14:53.788Z,SUCCESS,,,0,0,0,1,
113,FinalAllSummaries/113.md,2025-07-03T07:14:54.793Z,SUCCESS,,,0,0,0,1,
115,FinalAllSummaries/115.md,2025-07-03T07:14:55.796Z,SUCCESS,,,0,0,0,0,
116,FinalAllSummaries/116.md,2025-07-03T07:14:56.798Z,SUCCESS,,,0,0,0,0,
119,FinalAllSummaries/119.md,2025-07-03T07:14:57.802Z,SUCCESS,,,0,0,0,1,
120,FinalAllSummaries/120.md,2025-07-03T07:14:58.806Z,SUCCESS,,,0,0,0,1,
121,FinalAllSummaries/121.md,2025-07-03T07:14:59.810Z,SUCCESS,,,0,0,0,1,
122,FinalAllSummaries/122.md,2025-07-03T07:15:00.813Z,SUCCESS,,,0,0,0,0,
125,FinalAllSummaries/125.md,2025-07-03T07:15:01.816Z,SUCCESS,,,0,0,0,1,
126,FinalAllSummaries/126.md,2025-07-03T07:15:02.820Z,SUCCESS,,,0,0,0,1,
127,FinalAllSummaries/127.md,2025-07-03T07:15:03.824Z,SUCCESS,,,0,0,0,1,
131,FinalAllSummaries/131.md,2025-07-03T07:15:04.827Z,SUCCESS,,,0,0,0,1,
132,FinalAllSummaries/132.md,2025-07-03T07:15:05.830Z,SUCCESS,,,0,0,0,0,
133,FinalAllSummaries/133.md,2025-07-03T07:15:06.833Z,SUCCESS,,,0,0,0,1,
136,FinalAllSummaries/136.md,2025-07-03T07:15:07.837Z,SUCCESS,,,0,0,0,1,
138,FinalAllSummaries/138.md,2025-07-03T07:15:08.840Z,SUCCESS,,,0,0,0,0,
141,FinalAllSummaries/141.md,2025-07-03T07:15:09.843Z,SUCCESS,,,0,0,0,1,
142,FinalAllSummaries/142.md,2025-07-03T07:15:10.846Z,SUCCESS,,,0,0,0,0,
146,FinalAllSummaries/146.md,2025-07-03T07:15:11.849Z,SUCCESS,,,0,0,0,1,
147,FinalAllSummaries/147.md,2025-07-03T07:15:12.852Z,SUCCESS,,,0,0,0,0,
150,FinalAllSummaries/150.md,2025-07-03T07:15:13.854Z,SUCCESS,,,0,0,0,0,
151,FinalAllSummaries/151.md,2025-07-03T07:15:14.857Z,SUCCESS,,,0,0,0,1,
154,FinalAllSummaries/154.md,2025-07-03T07:15:15.860Z,SUCCESS,,,0,0,0,0,
155,FinalAllSummaries/155.md,2025-07-03T07:15:16.863Z,SUCCESS,,,0,0,0,1,
158,FinalAllSummaries/158.md,2025-07-03T07:15:17.867Z,SUCCESS,,,0,0,0,0,
160,FinalAllSummaries/160.md,2025-07-03T07:15:18.870Z,SUCCESS,,,0,0,0,0,
161,FinalAllSummaries/161.md,2025-07-03T07:15:19.873Z,SUCCESS,,,0,0,0,1,
163,FinalAllSummaries/163.md,2025-07-03T07:15:20.876Z,SUCCESS,,,0,0,0,0,
164,FinalAllSummaries/164.md,2025-07-03T07:15:21.879Z,SUCCESS,,,0,0,0,1,
165,FinalAllSummaries/165.md,2025-07-03T07:15:22.883Z,SUCCESS,,,0,0,0,1,
167,FinalAllSummaries/167.md,2025-07-03T07:15:23.886Z,SUCCESS,,,0,0,0,0,
168,FinalAllSummaries/168.md,2025-07-03T07:15:24.889Z,SUCCESS,,,0,0,0,1,
169,FinalAllSummaries/169.md,2025-07-03T07:15:25.892Z,SUCCESS,,,0,0,0,0,
170,FinalAllSummaries/170.md,2025-07-03T07:15:26.895Z,SUCCESS,,,0,0,0,0,
172,FinalAllSummaries/172.md,2025-07-03T07:15:27.901Z,SUCCESS,,,0,0,0,1,
173,FinalAllSummaries/173.md,2025-07-03T07:15:28.904Z,SUCCESS,,,0,0,0,1,
177,FinalAllSummaries/177.md,2025-07-03T07:15:29.906Z,SUCCESS,,,0,0,0,0,
179,FinalAllSummaries/179.md,2025-07-03T07:15:30.910Z,SUCCESS,,,0,0,0,1,
180,FinalAllSummaries/180.md,2025-07-03T07:15:31.912Z,SUCCESS,,,0,0,0,0,
182,FinalAllSummaries/182.md,2025-07-03T07:15:32.916Z,SUCCESS,,,0,0,0,1,
183,FinalAllSummaries/183.md,2025-07-03T07:15:33.919Z,SUCCESS,,,0,0,0,1,
184,FinalAllSummaries/184.md,2025-07-03T07:15:34.923Z,SUCCESS,,,0,0,0,1,
185,FinalAllSummaries/185.md,2025-07-03T07:15:35.926Z,SUCCESS,,,0,0,0,0,
186,FinalAllSummaries/186.md,2025-07-03T07:15:36.929Z,SUCCESS,,,0,0,0,1,
187,FinalAllSummaries/187.md,2025-07-03T07:15:37.934Z,SUCCESS,,,0,0,0,1,
192,FinalAllSummaries/192.md,2025-07-03T07:15:38.938Z,SUCCESS,,,0,0,0,1,
197,FinalAllSummaries/197.md,2025-07-03T07:15:39.942Z,SUCCESS,,,0,0,0,1,
198,FinalAllSummaries/198.md,2025-07-03T07:15:40.944Z,SUCCESS,,,0,0,0,0,
201,FinalAllSummaries/201.md,2025-07-03T07:15:41.947Z,SUCCESS,,,0,0,0,0,
202,FinalAllSummaries/202.md,2025-07-03T07:15:42.951Z,SUCCESS,,,0,0,0,0,
203,FinalAllSummaries/203.md,2025-07-03T07:15:43.956Z,SUCCESS,,,0,0,0,1,
204,FinalAllSummaries/204.md,2025-07-03T07:15:44.960Z,SUCCESS,,,0,0,0,1,
205,FinalAllSummaries/205.md,2025-07-03T07:15:45.963Z,SUCCESS,,,0,0,0,0,
207,FinalAllSummaries/207.md,2025-07-03T07:15:46.966Z,SUCCESS,,,0,0,0,0,
208,FinalAllSummaries/208.md,2025-07-03T07:15:47.971Z,SUCCESS,,,0,0,0,1,
209,FinalAllSummaries/209.md,2025-07-03T07:15:48.976Z,SUCCESS,,,0,0,0,1,
210,FinalAllSummaries/210.md,2025-07-03T07:15:49.979Z,SUCCESS,,,0,0,0,0,
211,FinalAllSummaries/211.md,2025-07-03T07:15:50.982Z,SUCCESS,,,0,0,0,1,
213,FinalAllSummaries/213.md,2025-07-03T07:15:51.984Z,SUCCESS,,,0,0,0,0,
216,FinalAllSummaries/216.md,2025-07-03T07:15:52.988Z,SUCCESS,,,0,0,0,1,
220,FinalAllSummaries/220.md,2025-07-03T07:15:53.993Z,SUCCESS,,,0,0,0,1,
222,FinalAllSummaries/222.md,2025-07-03T07:15:54.997Z,SUCCESS,,,0,0,0,0,
227,FinalAllSummaries/227.md,2025-07-03T07:15:56.001Z,SUCCESS,,,0,0,0,0,
228,FinalAllSummaries/228.md,2025-07-03T07:15:57.004Z,SUCCESS,,,0,0,0,0,
230,FinalAllSummaries/230.md,2025-07-03T07:15:58.009Z,SUCCESS,,,0,0,0,1,
231,FinalAllSummaries/231.md,2025-07-03T07:15:59.013Z,SUCCESS,,,0,0,0,1,
232,FinalAllSummaries/232.md,2025-07-03T07:16:00.016Z,SUCCESS,,,0,0,0,0,
233,FinalAllSummaries/233.md,2025-07-03T07:16:01.021Z,SUCCESS,,,0,0,0,1,
234,FinalAllSummaries/234.md,2025-07-03T07:16:02.025Z,SUCCESS,,,0,0,0,1,
235,FinalAllSummaries/235.md,2025-07-03T07:16:03.028Z,SUCCESS,,,0,0,0,0,
236,FinalAllSummaries/236.md,2025-07-03T07:16:04.032Z,SUCCESS,,,0,0,0,0,
238,FinalAllSummaries/238.md,2025-07-03T07:16:05.037Z,SUCCESS,,,0,0,0,1,
243,FinalAllSummaries/243.md,2025-07-03T07:16:06.041Z,SUCCESS,,,0,0,0,1,
246,FinalAllSummaries/246.md,2025-07-03T07:16:07.045Z,SUCCESS,,,0,0,0,1,
247,FinalAllSummaries/247.md,2025-07-03T07:16:08.048Z,SUCCESS,,,0,0,0,1,
248,FinalAllSummaries/248.md,2025-07-03T07:16:09.052Z,SUCCESS,,,0,0,0,0,
252,FinalAllSummaries/252.md,2025-07-03T07:16:10.055Z,SUCCESS,,,0,0,0,0,
253,FinalAllSummaries/253.md,2025-07-03T07:16:11.059Z,SUCCESS,,,0,0,0,1,
254,FinalAllSummaries/254.md,2025-07-03T07:16:12.062Z,SUCCESS,,,0,0,0,1,
255,FinalAllSummaries/255.md,2025-07-03T07:16:13.065Z,SUCCESS,,,0,0,0,1,
256,FinalAllSummaries/256.md,2025-07-03T07:16:14.069Z,SUCCESS,,,0,0,0,0,
257,FinalAllSummaries/257.md,2025-07-03T07:16:15.074Z,SUCCESS,,,0,0,0,1,
258,FinalAllSummaries/258.md,2025-07-03T07:16:16.078Z,SUCCESS,,,0,0,0,1,
259,FinalAllSummaries/259.md,2025-07-03T07:16:17.083Z,SUCCESS,,,0,0,0,1,
260,FinalAllSummaries/260.md,2025-07-03T07:16:18.087Z,SUCCESS,,,0,0,0,1,
262,FinalAllSummaries/262.md,2025-07-03T07:16:19.091Z,SUCCESS,,,0,0,0,1,
264,FinalAllSummaries/264.md,2025-07-03T07:16:20.095Z,SUCCESS,,,0,0,0,0,
265,FinalAllSummaries/265.md,2025-07-03T07:16:21.099Z,SUCCESS,,,0,0,0,1,
266,FinalAllSummaries/266.md,2025-07-03T07:55:45.072Z,SUCCESS,,,0,12,2282.413333,2362969,
267,FinalAllSummaries/267.md,2025-07-03T08:28:19.519Z,SUCCESS,,,0,12,1826.6761249999997,1953442,
268,FinalAllSummaries/268.md,2025-07-03T09:04:26.224Z,SUCCESS,,,0,12,2132.001793,2165702,
269,FinalAllSummaries/269.md,2025-07-03T09:33:13.169Z,SUCCESS,,,0,12,1716.6037919999999,1725941,
271,FinalAllSummaries/271.md,2025-07-03T10:01:32.068Z,SUCCESS,,,0,10,1362.4882910000001,1697895,
272,FinalAllSummaries/272.md,2025-07-03T10:46:06.769Z,SUCCESS,,,0,12,2292.5205,2673696,
12,FinalAllSummaries/12.md,2025-07-03T11:14:14.658Z,SUCCESS,,,0,0,0,1,
19,FinalAllSummaries/19.md,2025-07-03T11:14:15.663Z,SUCCESS,,,0,0,0,1,
20,FinalAllSummaries/20.md,2025-07-03T11:14:16.666Z,SUCCESS,,,0,0,0,1,
22,FinalAllSummaries/22.md,2025-07-03T11:14:17.671Z,SUCCESS,,,0,0,0,1,
25,FinalAllSummaries/25.md,2025-07-03T11:14:18.676Z,SUCCESS,,,0,0,0,1,
26,FinalAllSummaries/26.md,2025-07-03T11:14:19.679Z,SUCCESS,,,0,0,0,0,
27,FinalAllSummaries/27.md,2025-07-03T11:14:20.683Z,SUCCESS,,,0,0,0,1,
28,FinalAllSummaries/28.md,2025-07-03T11:14:21.687Z,SUCCESS,,,0,0,0,1,
29,FinalAllSummaries/29.md,2025-07-03T11:14:22.693Z,SUCCESS,,,0,0,0,1,
30,FinalAllSummaries/30.md,2025-07-03T11:14:23.698Z,SUCCESS,,,0,0,0,1,
31,FinalAllSummaries/31.md,2025-07-03T11:14:24.702Z,SUCCESS,,,0,0,0,1,
32,FinalAllSummaries/32.md,2025-07-03T11:14:25.707Z,SUCCESS,,,0,0,0,1,
33,FinalAllSummaries/33.md,2025-07-03T11:14:26.712Z,SUCCESS,,,0,0,0,0,
34,FinalAllSummaries/34.md,2025-07-03T11:14:27.714Z,SUCCESS,,,0,0,0,0,
36,FinalAllSummaries/36.md,2025-07-03T11:14:28.717Z,SUCCESS,,,0,0,0,1,
42,FinalAllSummaries/42.md,2025-07-03T11:14:29.721Z,SUCCESS,,,0,0,0,0,
43,FinalAllSummaries/43.md,2025-07-03T11:14:30.726Z,SUCCESS,,,0,0,0,1,
49,FinalAllSummaries/49.md,2025-07-03T11:14:31.730Z,SUCCESS,,,0,0,0,1,
54,FinalAllSummaries/54.md,2025-07-03T11:14:32.734Z,SUCCESS,,,0,0,0,1,
55,FinalAllSummaries/55.md,2025-07-03T11:14:33.738Z,SUCCESS,,,0,0,0,0,
56,FinalAllSummaries/56.md,2025-07-03T11:14:34.743Z,SUCCESS,,,0,0,0,1,
58,FinalAllSummaries/58.md,2025-07-03T11:14:35.747Z,SUCCESS,,,0,0,0,1,
59,FinalAllSummaries/59.md,2025-07-03T11:14:36.751Z,SUCCESS,,,0,0,0,0,
64,FinalAllSummaries/64.md,2025-07-03T11:14:37.754Z,SUCCESS,,,0,0,0,1,
65,FinalAllSummaries/65.md,2025-07-03T11:14:38.758Z,SUCCESS,,,0,0,0,0,
77,FinalAllSummaries/77.md,2025-07-03T11:14:39.762Z,SUCCESS,,,0,0,0,1,
79,FinalAllSummaries/79.md,2025-07-03T11:14:40.766Z,SUCCESS,,,0,0,0,1,
80,FinalAllSummaries/80.md,2025-07-03T11:14:41.770Z,SUCCESS,,,0,0,0,0,
81,FinalAllSummaries/81.md,2025-07-03T11:14:42.774Z,SUCCESS,,,0,0,0,1,
82,FinalAllSummaries/82.md,2025-07-03T11:14:43.778Z,SUCCESS,,,0,0,0,1,
87,FinalAllSummaries/87.md,2025-07-03T11:14:44.782Z,SUCCESS,,,0,0,0,1,
89,FinalAllSummaries/89.md,2025-07-03T11:14:45.786Z,SUCCESS,,,0,0,0,1,
90,FinalAllSummaries/90.md,2025-07-03T11:14:46.790Z,SUCCESS,,,0,0,0,1,
92,FinalAllSummaries/92.md,2025-07-03T11:14:47.795Z,SUCCESS,,,0,0,0,1,
96,FinalAllSummaries/96.md,2025-07-03T11:14:48.799Z,SUCCESS,,,0,0,0,1,
98,FinalAllSummaries/98.md,2025-07-03T11:14:49.803Z,SUCCESS,,,0,0,0,1,
101,FinalAllSummaries/101.md,2025-07-03T11:14:50.806Z,SUCCESS,,,0,0,0,1,
102,FinalAllSummaries/102.md,2025-07-03T11:14:51.810Z,SUCCESS,,,0,0,0,1,
103,FinalAllSummaries/103.md,2025-07-03T11:14:52.814Z,SUCCESS,,,0,0,0,1,
104,FinalAllSummaries/104.md,2025-07-03T11:14:53.817Z,SUCCESS,,,0,0,0,1,
105,FinalAllSummaries/105.md,2025-07-03T11:14:54.821Z,SUCCESS,,,0,0,0,1,
108,FinalAllSummaries/108.md,2025-07-03T11:14:55.825Z,SUCCESS,,,0,0,0,0,
111,FinalAllSummaries/111.md,2025-07-03T11:14:56.828Z,SUCCESS,,,0,0,0,1,
112,FinalAllSummaries/112.md,2025-07-03T11:14:57.832Z,SUCCESS,,,0,0,0,1,
113,FinalAllSummaries/113.md,2025-07-03T11:14:58.837Z,SUCCESS,,,0,0,0,1,
115,FinalAllSummaries/115.md,2025-07-03T11:14:59.840Z,SUCCESS,,,0,0,0,1,
116,FinalAllSummaries/116.md,2025-07-03T11:15:00.845Z,SUCCESS,,,0,0,0,1,
119,FinalAllSummaries/119.md,2025-07-03T11:15:01.848Z,SUCCESS,,,0,0,0,1,
120,FinalAllSummaries/120.md,2025-07-03T11:15:02.851Z,SUCCESS,,,0,0,0,1,
121,FinalAllSummaries/121.md,2025-07-03T11:15:03.855Z,SUCCESS,,,0,0,0,0,
122,FinalAllSummaries/122.md,2025-07-03T11:15:04.860Z,SUCCESS,,,0,0,0,1,
125,FinalAllSummaries/125.md,2025-07-03T11:15:05.863Z,SUCCESS,,,0,0,0,1,
126,FinalAllSummaries/126.md,2025-07-03T11:15:06.866Z,SUCCESS,,,0,0,0,0,
127,FinalAllSummaries/127.md,2025-07-03T11:15:07.869Z,SUCCESS,,,0,0,0,1,
131,FinalAllSummaries/131.md,2025-07-03T11:15:08.872Z,SUCCESS,,,0,0,0,1,
132,FinalAllSummaries/132.md,2025-07-03T11:15:09.875Z,SUCCESS,,,0,0,0,1,
133,FinalAllSummaries/133.md,2025-07-03T11:15:10.879Z,SUCCESS,,,0,0,0,0,
136,FinalAllSummaries/136.md,2025-07-03T11:15:11.883Z,SUCCESS,,,0,0,0,0,
138,FinalAllSummaries/138.md,2025-07-03T11:15:12.885Z,SUCCESS,,,0,0,0,1,
141,FinalAllSummaries/141.md,2025-07-03T11:15:13.887Z,SUCCESS,,,0,0,0,1,
142,FinalAllSummaries/142.md,2025-07-03T11:15:14.891Z,SUCCESS,,,0,0,0,1,
146,FinalAllSummaries/146.md,2025-07-03T11:15:15.895Z,SUCCESS,,,0,0,0,1,
147,FinalAllSummaries/147.md,2025-07-03T11:15:16.898Z,SUCCESS,,,0,0,0,0,
150,FinalAllSummaries/150.md,2025-07-03T11:15:17.901Z,SUCCESS,,,0,0,0,1,
151,FinalAllSummaries/151.md,2025-07-03T11:15:18.905Z,SUCCESS,,,0,0,0,0,
154,FinalAllSummaries/154.md,2025-07-03T11:15:19.910Z,SUCCESS,,,0,0,0,1,
155,FinalAllSummaries/155.md,2025-07-03T11:15:20.914Z,SUCCESS,,,0,0,0,1,
158,FinalAllSummaries/158.md,2025-07-03T11:15:21.917Z,SUCCESS,,,0,0,0,0,
160,FinalAllSummaries/160.md,2025-07-03T11:15:22.920Z,SUCCESS,,,0,0,0,0,
161,FinalAllSummaries/161.md,2025-07-03T11:15:23.925Z,SUCCESS,,,0,0,0,1,
163,FinalAllSummaries/163.md,2025-07-03T11:15:24.929Z,SUCCESS,,,0,0,0,0,
164,FinalAllSummaries/164.md,2025-07-03T11:15:25.933Z,SUCCESS,,,0,0,0,0,
165,FinalAllSummaries/165.md,2025-07-03T11:15:26.936Z,SUCCESS,,,0,0,0,0,
167,FinalAllSummaries/167.md,2025-07-03T11:15:27.939Z,SUCCESS,,,0,0,0,1,
168,FinalAllSummaries/168.md,2025-07-03T11:15:28.942Z,SUCCESS,,,0,0,0,0,
169,FinalAllSummaries/169.md,2025-07-03T11:15:29.945Z,SUCCESS,,,0,0,0,1,
170,FinalAllSummaries/170.md,2025-07-03T11:15:30.947Z,SUCCESS,,,0,0,0,0,
172,FinalAllSummaries/172.md,2025-07-03T11:15:31.951Z,SUCCESS,,,0,0,0,1,
173,FinalAllSummaries/173.md,2025-07-03T11:15:32.954Z,SUCCESS,,,0,0,0,1,
177,FinalAllSummaries/177.md,2025-07-03T11:15:33.958Z,SUCCESS,,,0,0,0,1,
179,FinalAllSummaries/179.md,2025-07-03T11:15:34.962Z,SUCCESS,,,0,0,0,1,
180,FinalAllSummaries/180.md,2025-07-03T11:15:35.966Z,SUCCESS,,,0,0,0,1,
182,FinalAllSummaries/182.md,2025-07-03T11:15:36.970Z,SUCCESS,,,0,0,0,1,
183,FinalAllSummaries/183.md,2025-07-03T11:15:37.974Z,SUCCESS,,,0,0,0,1,
184,FinalAllSummaries/184.md,2025-07-03T11:15:38.978Z,SUCCESS,,,0,0,0,0,
185,FinalAllSummaries/185.md,2025-07-03T11:15:39.983Z,SUCCESS,,,0,0,0,1,
186,FinalAllSummaries/186.md,2025-07-03T11:15:40.988Z,SUCCESS,,,0,0,0,0,
187,FinalAllSummaries/187.md,2025-07-03T11:15:41.994Z,SUCCESS,,,0,0,0,1,
192,FinalAllSummaries/192.md,2025-07-03T11:15:42.999Z,SUCCESS,,,0,0,0,0,
197,FinalAllSummaries/197.md,2025-07-03T11:15:44.005Z,SUCCESS,,,0,0,0,1,
198,FinalAllSummaries/198.md,2025-07-03T11:15:45.010Z,SUCCESS,,,0,0,0,1,
201,FinalAllSummaries/201.md,2025-07-03T11:15:46.015Z,SUCCESS,,,0,0,0,1,
202,FinalAllSummaries/202.md,2025-07-03T11:15:47.019Z,SUCCESS,,,0,0,0,0,
203,FinalAllSummaries/203.md,2025-07-03T11:15:48.024Z,SUCCESS,,,0,0,0,1,
204,FinalAllSummaries/204.md,2025-07-03T11:15:49.027Z,SUCCESS,,,0,0,0,0,
205,FinalAllSummaries/205.md,2025-07-03T11:15:50.030Z,SUCCESS,,,0,0,0,0,
207,FinalAllSummaries/207.md,2025-07-03T11:15:51.035Z,SUCCESS,,,0,0,0,1,
208,FinalAllSummaries/208.md,2025-07-03T11:15:52.040Z,SUCCESS,,,0,0,0,1,
209,FinalAllSummaries/209.md,2025-07-03T11:15:53.044Z,SUCCESS,,,0,0,0,0,
210,FinalAllSummaries/210.md,2025-07-03T11:15:54.049Z,SUCCESS,,,0,0,0,1,
211,FinalAllSummaries/211.md,2025-07-03T11:15:55.054Z,SUCCESS,,,0,0,0,0,
213,FinalAllSummaries/213.md,2025-07-03T11:15:56.059Z,SUCCESS,,,0,0,0,1,
216,FinalAllSummaries/216.md,2025-07-03T11:15:57.064Z,SUCCESS,,,0,0,0,1,
220,FinalAllSummaries/220.md,2025-07-03T11:15:58.069Z,SUCCESS,,,0,0,0,1,
222,FinalAllSummaries/222.md,2025-07-03T11:15:59.073Z,SUCCESS,,,0,0,0,1,
227,FinalAllSummaries/227.md,2025-07-03T11:16:00.076Z,SUCCESS,,,0,0,0,1,
228,FinalAllSummaries/228.md,2025-07-03T11:16:01.080Z,SUCCESS,,,0,0,0,0,
230,FinalAllSummaries/230.md,2025-07-03T11:16:02.085Z,SUCCESS,,,0,0,0,1,
231,FinalAllSummaries/231.md,2025-07-03T11:16:03.090Z,SUCCESS,,,0,0,0,1,
232,FinalAllSummaries/232.md,2025-07-03T11:16:04.094Z,SUCCESS,,,0,0,0,1,
233,FinalAllSummaries/233.md,2025-07-03T11:16:05.098Z,SUCCESS,,,0,0,0,1,
234,FinalAllSummaries/234.md,2025-07-03T11:16:06.101Z,SUCCESS,,,0,0,0,0,
235,FinalAllSummaries/235.md,2025-07-03T11:16:07.105Z,SUCCESS,,,0,0,0,1,
236,FinalAllSummaries/236.md,2025-07-03T11:16:08.109Z,SUCCESS,,,0,0,0,1,
238,FinalAllSummaries/238.md,2025-07-03T11:16:09.113Z,SUCCESS,,,0,0,0,1,
243,FinalAllSummaries/243.md,2025-07-03T11:16:10.116Z,SUCCESS,,,0,0,0,0,
246,FinalAllSummaries/246.md,2025-07-03T11:16:11.120Z,SUCCESS,,,0,0,0,1,
247,FinalAllSummaries/247.md,2025-07-03T11:16:12.124Z,SUCCESS,,,0,0,0,0,
248,FinalAllSummaries/248.md,2025-07-03T11:16:13.129Z,SUCCESS,,,0,0,0,1,
252,FinalAllSummaries/252.md,2025-07-03T11:16:14.133Z,SUCCESS,,,0,0,0,1,
253,FinalAllSummaries/253.md,2025-07-03T11:16:15.137Z,SUCCESS,,,0,0,0,1,
254,FinalAllSummaries/254.md,2025-07-03T11:16:16.141Z,SUCCESS,,,0,0,0,1,
255,FinalAllSummaries/255.md,2025-07-03T11:16:17.145Z,SUCCESS,,,0,0,0,1,
256,FinalAllSummaries/256.md,2025-07-03T11:16:18.148Z,SUCCESS,,,0,0,0,0,
257,FinalAllSummaries/257.md,2025-07-03T11:16:19.152Z,SUCCESS,,,0,0,0,0,
258,FinalAllSummaries/258.md,2025-07-03T11:16:20.157Z,SUCCESS,,,0,0,0,1,
259,FinalAllSummaries/259.md,2025-07-03T11:16:21.161Z,SUCCESS,,,0,0,0,1,
260,FinalAllSummaries/260.md,2025-07-03T11:16:22.164Z,SUCCESS,,,0,0,0,1,
262,FinalAllSummaries/262.md,2025-07-03T11:16:23.167Z,SUCCESS,,,0,0,0,0,
264,FinalAllSummaries/264.md,2025-07-03T11:16:24.170Z,SUCCESS,,,0,0,0,0,
265,FinalAllSummaries/265.md,2025-07-03T11:16:25.175Z,SUCCESS,,,0,0,0,0,
266,FinalAllSummaries/266.md,2025-07-03T11:16:26.180Z,SUCCESS,,,0,0,0,1,
267,FinalAllSummaries/267.md,2025-07-03T11:16:27.184Z,SUCCESS,,,0,0,0,1,
268,FinalAllSummaries/268.md,2025-07-03T11:16:28.187Z,SUCCESS,,,0,0,0,0,
269,FinalAllSummaries/269.md,2025-07-03T11:16:29.190Z,SUCCESS,,,0,0,0,1,
271,FinalAllSummaries/271.md,2025-07-03T11:16:30.194Z,SUCCESS,,,0,0,0,1,
272,FinalAllSummaries/272.md,2025-07-03T11:16:31.196Z,SUCCESS,,,0,0,0,0,
